1965Q1,Fortran,0.6333551055954714,COBOL,0.14696276943174397,ALGOL,0.1123448726322665,Assembler,0.05856738515131722,BASIC,0.021772262138036142,Lisp,0.016111473982146744,APL,0.010886131069018071
1965Q2,Fortran,0.6261938741903612,COBOL,0.14546053353825888,ALGOL,0.11230651004501045,Assembler,0.0582939949500494,BASIC,0.022834559227138,APL,0.01888242397628719,Lisp,0.01602810407289494
1965Q3,Fortran,0.6185521363736993,COBOL,0.14390081912773964,ALGOL,0.11224263891963693,Assembler,0.0581137923400487,APL,0.027119769758689398,BASIC,0.024020367500553464,Lisp,0.016050475979632498
1965Q4,Fortran,0.6108506363027462,COBOL,0.14233087742799733,ALGOL,0.11219022103148026,Assembler,0.057937039517749506,APL,0.03549899531145345,BASIC,0.025117213663764234,Lisp,0.016075016744809108
1966Q1,Fortran,0.6030173384372889,COBOL,0.14073406890340012,ALGOL,0.11213690610222923,Assembler,0.05775726187795541,APL,0.04402161675298356,BASIC,0.026232830443593785,Lisp,0.016099977482548974
1966Q2,Fortran,0.597267631947688,COBOL,0.14023820644558618,ALGOL,0.11256422232601589,Assembler,0.058033629145259225,APL,0.04810836057916861,BASIC,0.027557216254086872,Lisp,0.016230733302195235
1966Q3,Fortran,0.5909752547307132,COBOL,0.1396166909267346,ALGOL,0.11305191654536634,Assembler,0.05834546336729743,APL,0.052523047064531786,BASIC,0.02899078117418729,Lisp,0.016496846191169336
1966Q4,Fortran,0.5841746592629985,COBOL,0.1389449772841999,ALGOL,0.1134528016153458,Assembler,0.05880868248359415,APL,0.05729429581019688,BASIC,0.03054013124684503,Lisp,0.01678445229681979
1967Q1,Fortran,0.576801683324566,COBOL,0.13821672803787483,ALGOL,0.11401893740136772,APL,0.06246712256706997,Assembler,0.05917937927406629,BASIC,0.03221988427143609,Lisp,0.01709626512361915
1967Q2,Fortran,0.5634691917112667,COBOL,0.13791683820502268,ALGOL,0.11307808425964047,APL,0.06792918896665295,Assembler,0.061204885412378215,BASIC,0.037052284890901614,Lisp,0.019349526554137506
1967Q3,Fortran,0.5489380022962113,COBOL,0.13762916188289323,ALGOL,0.11194029850746269,APL,0.07376578645235363,Assembler,0.06343283582089553,BASIC,0.04247990815154995,Lisp,0.021814006888633757
1967Q4,Fortran,0.5329422382671478,COBOL,0.1373345367027677,ALGOL,0.11070998796630563,APL,0.0803249097472924,Assembler,0.06588447653429601,BASIC,0.048435619735258714,Lisp,0.024368231046931404
1968Q1,Fortran,0.5154101469890944,COBOL,0.13703176861071598,ALGOL,0.10937253042516201,APL,0.0875612454559823,Assembler,0.06843685791054213,BASIC,0.05484431800221275,Lisp,0.027343132606290503
1968Q2,Fortran,0.5060240963855422,COBOL,0.13583099521373165,ALGOL,0.10958904109589042,APL,0.08664796170985312,Assembler,0.07261924409968643,BASIC,0.05908565769929032,Lisp,0.030203003796005944
1968Q3,Fortran,0.49576929718528756,COBOL,0.13469176308064237,ALGOL,0.10982559143498534,APL,0.08565014677948542,Assembler,0.07701605940252115,BASIC,0.0637195648419962,Lisp,0.033327577275082024
1968Q4,Fortran,0.48451928299837044,COBOL,0.13326090892630815,ALGOL,0.11026615969581748,APL,0.08455549520188303,Assembler,0.08183957993843924,BASIC,0.0688031866739091,Lisp,0.03675538656527249
1969Q1,Fortran,0.4720213170917396,COBOL,0.13170917396269508,ALGOL,0.1105824133993148,Assembler,0.08717167872097449,APL,0.0833650551960411,BASIC,0.07460982108869432,Lisp,0.040540540540540536
1969Q2,Fortran,0.4742169595110771,COBOL,0.12929717341482047,ALGOL,0.10637891520244462,Assembler,0.08880825057295647,APL,0.0825057295645531,BASIC,0.07391138273491214,Lisp,0.04488158899923606
1969Q3,Fortran,0.4768199233716474,COBOL,0.12701149425287353,ALGOL,0.10191570881226052,Assembler,0.09022988505747125,APL,0.08180076628352488,BASIC,0.07318007662835248,Lisp,0.049042145593869726
1969Q4,Fortran,0.4792467332820907,COBOL,0.12451960030745582,ALGOL,0.09761721752498079,Assembler,0.09166026133743274,APL,0.08109146810146041,BASIC,0.07244427363566487,Lisp,0.05342044581091468
1970Q1,Fortran,0.4778287461773701,COBOL,0.12117737003058106,ALGOL,0.09250764525993885,Assembler,0.0923165137614679,APL,0.07970183486238533,BASIC,0.07129204892966362,Lisp,0.057339449541284414,PascallC,0.00783639143730887
1970Q2,Fortran,0.4668049792531121,COBOL,0.12410411165597889,Assembler,0.09185213127121841,ALGOL,0.08845718596755943,APL,0.07789513391173143,BASIC,0.07563183704262542,Lisp,0.06205205582798944,Pascal,0.013202565069784986
1970Q3,Fortran,0.45581395348837217,COBOL,0.1270697674418605,Assembler,0.09153488372093024,ALGOL,0.08446511627906977,BASIC,0.08,APL,0.07590697674418606,Lisp,0.06660465116279071,Pascal,0.0186046511627907
1970Q4,Fortran,0.4451991922158987,COBOL,0.1299798053974665,Assembler,0.09105929869653022,BASIC,0.08408298145768314,ALGOL,0.08077841013401875,APL,0.07416926748668994,Lisp,0.07104828345878467,Pascal,0.023682761152928222
1971Q1,Fortran,0.4348613879325965,COBOL,0.13281391556441385,Assembler,0.09059612248595761,BASIC,0.08824062330132271,ALGOL,0.07700670411306397,Lisp,0.07537597390831673,APL,0.07247689798876608,Pascal,0.028628374705562603
1971Q2,Fortran,0.4366222542311847,COBOL,0.13125675189052935,BASIC,0.0905653583003241,Assembler,0.08858480374504861,Lisp,0.0772416276557436,ALGOL,0.07580122434281598,APL,0.06949945984875765,Pascal,0.030428519985595967
1971Q3,Fortran,0.4385964912280702,COBOL,0.1297887576083065,BASIC,0.0929108485499463,Assembler,0.08646616541353384,Lisp,0.07912638739706408,ALGOL,0.07465091299677766,APL,0.06641604010025062,Pascal,0.032044396706050846
1971Q4,Fortran,0.44062666904041303,COBOL,0.1283603346982375,BASIC,0.09506854192629517,Assembler,0.08456471426028128,Lisp,0.08082606373508991,ALGOL,0.0735267936620972,APL,0.06337902795086345,Pascal,0.033647854726722444
1972Q1,Fortran,0.4424778761061947,COBOL,0.12690265486725663,BASIC,0.09734513274336283,Assembler,0.08265486725663716,Lisp,0.0824778761061947,ALGOL,0.07221238938053097,APL,0.060530973451327436,Pascal,0.035398230088495575
1972Q2,Fortran,0.4327760362243121,COBOL,0.13375130616509925,BASIC,0.09595959595959595,Lisp,0.0851619644723093,Assembler,0.07836990595611285,ALGOL,0.07140369209334725,APL,0.06130268199233716,Pascal,0.041274817136886105
1972Q3,Fortran,0.4232350925291296,COBOL,0.1405071967100754,BASIC,0.09458533241946539,Lisp,0.08773132282385197,Assembler,0.07436600411240576,ALGOL,0.07059629883481838,APL,0.06202878684030159,Pascal,0.04694996572995203
1972Q4,Fortran,0.41378729142086634,COBOL,0.14697454913197372,BASIC,0.09337603236136861,Lisp,0.0901736052587224,Assembler,0.07028484746334064,ALGOL,0.06994774987358841,APL,0.0628687004887915,Pascal,0.052587224001348395
1973Q1,Fortran,0.4048448647751784,COBOL,0.15331010452961674,Lisp,0.09258337481333997,BASIC,0.09208561473369836,ALGOL,0.06918865107018417,Assembler,0.0663680106188817,APL,0.06354737016757923,Pascal,0.05807200929152149
1973Q2,Fortran,0.39823442864149095,COBOL,0.15661271865293447,Lisp,0.09530815759359164,BASIC,0.09138466568579369,ALGOL,0.07078633316985451,Assembler,0.06375674350171653,APL,0.06293934935425863,Pascal,0.06097760340035966
1973Q3,Fortran,0.3920399613277474,COBOL,0.15968417660328718,Lisp,0.09796970673541736,BASIC,0.09055752497582986,ALGOL,0.07251047373509509,Pascal,0.06380921688688368,APL,0.062359007412181776,Assembler,0.06106993232355786
1973Q4,Fortran,0.38580050825921225,COBOL,0.1628017789072427,Lisp,0.10054002541296062,BASIC,0.08989834815756037,ALGOL,0.07401524777636595,Pascal,0.06639135959339264,APL,0.0619440914866582,Assembler,0.058608640406607376
1974Q1,Fortran,0.379796397807361,COBOL,0.16570086139389195,Lisp,0.10305403288958498,BASIC,0.08927173061863744,ALGOL,0.07564604541895067,Pascal,0.06906812842599844,APL,0.06139389193422083,Assembler,0.05606891151135474
1974Q2,Fortran,0.3741579914268219,COBOL,0.167636252296387,Lisp,0.10134721371708513,BASIC,0.08802816901408451,ALGOL,0.07532149418248622,Pascal,0.07363747703612983,APL,0.06307409675443969,Assembler,0.056797305572565834
1974Q3,Fortran,0.3686732554657083,COBOL,0.16966157532195267,Lisp,0.09988020365378855,BASIC,0.0868523510032944,Pascal,0.07786762503743636,ALGOL,0.07487271638215034,APL,0.0648397723869422,Assembler,0.057352500748727164
1974Q4,Fortran,0.3635164835164835,COBOL,0.17142857142857143,Lisp,0.09831501831501832,BASIC,0.08571428571428572,Pascal,0.08205128205128205,ALGOL,0.07443223443223443,APL,0.06652014652014653,Assembler,0.05802197802197802
1975Q1,Fortran,0.3487236713628121,COBOL,0.1685032780025108,Lisp,0.09415539126795927,Pascal,0.08355419165852979,BASIC,0.08229878644162367,ALGOL,0.07211605523782955,APL,0.0662574975589343,Assembler,0.05691170316641094,C,0.027479425303389593
1975Q2,Fortran,0.344723480170166,COBOL,0.16865651159599285,Lisp,0.0934540963359407,Pascal,0.08906271442294497,BASIC,0.0804171812817346,ALGOL,0.07039934129271304,APL,0.06408672979278165,Assembler,0.05832304103197475,C,0.030876904075751336
1975Q3,Fortran,0.34126233274766865,COBOL,0.16894174888498448,Pascal,0.09447222597648332,Lisp,0.09285038518718747,BASIC,0.07852412488174078,ALGOL,0.0686579267468577,APL,0.06190025679145831,Assembler,0.05960264900662252,C,0.03378834977699689
1975Q4,Fortran,0.3375914836992681,COBOL,0.16912840984697272,Pascal,0.09966733200266134,Lisp,0.09234863606121091,BASIC,0.0767797737857618,ALGOL,0.06706586826347305,Assembler,0.06094477711244178,APL,0.05988023952095808,C,0.03659347970725216
1976Q1,Fortran,0.3342070773263434,COBOL,0.1692005242463958,Pascal,0.10471821756225426,Lisp,0.09174311926605505,BASIC,0.07509829619921364,ALGOL,0.0655307994757536,Assembler,0.062254259501965926,APL,0.05792922673656619,C,0.039318479685452164
1976Q2,Fortran,0.3268608414239482,COBOL,0.16375404530744336,Pascal,0.11339805825242719,Lisp,0.0913915857605178,BASIC,0.07805825242718446,ALGOL,0.06200647249190939,Assembler,0.06200647249190939,APL,0.05773462783171521,C,0.04478964401294498
1976Q3,Fortran,0.3195704972516937,COBOL,0.1582513102390387,Pascal,0.1218202735523456,Lisp,0.09101367761728235,BASIC,0.08117090630193018,Assembler,0.061741020069027215,ALGOL,0.05867314329541095,APL,0.057522689505304855,C,0.050236482167966244
1976Q4,Fortran,0.3125,COBOL,0.1529040404040404,Pascal,0.13005050505050506,Lisp,0.09078282828282828,BASIC,0.08409090909090909,Assembler,0.06148989898989899,APL,0.057323232323232325,C,0.05555555555555556,ALGOL,0.0553030303030303
1977Q1,Fortran,0.3056005987277036,COBOL,0.1476861668953474,Pascal,0.13808157664961956,Lisp,0.09043283023574904,BASIC,0.08694025196457528,Assembler,0.06136958962205313,C,0.06074591493077211,APL,0.05712860172134215,ALGOL,0.05201446925283772
1977Q2,Fortran,0.2972445744940258,Pascal,0.14679346500853446,COBOL,0.14679346500853446,Lisp,0.09144111192392099,BASIC,0.09034381858083393,C,0.06205803462570104,Assembler,0.059741526456961715,APL,0.056571567910265776,ALGOL,0.04901243599122164
1977Q3,Fortran,0.28900011917530694,Pascal,0.15528542485996905,COBOL,0.14598975092360866,BASIC,0.09367179120486238,Lisp,0.0923608628292218,C,0.06316291264450007,Assembler,0.05815754975569063,APL,0.05613156953879157,ALGOL,0.04624001906804911
1977Q4,Fortran,0.2813666044776119,Pascal,0.16336287313432835,COBOL,0.1452891791044776,BASIC,0.09678171641791045,Lisp,0.09328358208955223,C,0.0642490671641791,Assembler,0.056553171641791036,APL,0.05562033582089551,ALGOL,0.04349347014925373
1978Q1,Fortran,0.27394133089829925,Pascal,0.1710991895902294,COBOL,0.14450405204885286,BASIC,0.09976030133546397,Lisp,0.09416733249629036,C,0.06528935053076132,APL,0.05513069284328272,Assembler,0.05513069284328272,ALGOL,0.04097705741353726
1978Q2,Fortran,0.27360938734062956,Pascal,0.17578697957802097,COBOL,0.13900485163037346,BASIC,0.10730001128286132,Lisp,0.09398623490917296,C,0.06848696829515964,Assembler,0.053367934108089814,APL,0.05054721877468126,ALGOL,0.03791041408101094
1978Q3,Fortran,0.2620320855614974,Pascal,0.1728342245989305,COBOL,0.12791443850267384,BASIC,0.10994652406417113,Lisp,0.0900534759358289,C,0.06866310160427809,Assembler,0.04951871657754011,APL,0.07486631016042782,ALGOL,0.04417112299465241
1978Q4,Fortran,0.27311851688369015,Pascal,0.1848377841536085,COBOL,0.128117413374531,BASIC,0.12193776208342531,Lisp,0.09379827852571178,C,0.0747075700728316,Assembler,0.049878613992496136,APL,0.04160229529905099,ALGOL,0.032001765614654606
1979Q1,Fortran,0.2728959720554524,Pascal,0.1891714878288396,BASIC,0.1290252155878179,COBOL,0.1228031874249536,Lisp,0.09365789760943127,C,0.07772077284139285,Assembler,0.04824800785940399,APL,0.037332168977185894,ALGOL,0.029145289815522318
1979Q2,Fortran,0.2581890256624244,Pascal,0.20185687460880455,BASIC,0.13425829334446068,COBOL,0.12017525558105573,Lisp,0.09169622365950345,C,0.0800125182557897,Assembler,0.04882119757980388,APL,0.037554767369079915,ALGOL,0.027435843939077824
1979Q3,Fortran,0.2445109780439122,Pascal,0.2136726546906188,BASIC,0.13902195608782436,COBOL,0.11766467065868264,Lisp,0.08982035928143714,C,0.08223552894211578,Assembler,0.04950099800399202,APL,0.0378243512974052,ALGOL,0.02574850299401198
1979Q4,Fortran,0.2320130118637581,Pascal,0.22445464982778415,BASIC,0.14341752774588595,COBOL,0.11538461538461538,Lisp,0.08811710677382319,C,0.0841944125526215,Assembler,0.050038270187523916,APL,0.03807883658629927,ALGOL,0.02430156907768848
1980Q1,Pascal,0.22597817407505993,Fortran,0.21293585307426144,BASIC,0.14231212847129807,COBOL,0.10939579451690182,Lisp,0.08348859905953335,C,0.08295625942684769,Assembler,0.04879779966285158,APL,0.036908881199538654,Ada,0.02626208854582558,ALGOL,0.022180818028568902,C++,0.008783603939313284
1980Q2,Pascal,0.22065016001347482,Fortran,0.20001684352366517,BASIC,0.1413171635506148,COBOL,0.10527202290719219,C,0.08716523496715513,Lisp,0.084133400707428,Assembler,0.05221492336196733,Ada,0.041856156307899614,APL,0.036297793498399865,ALGOL,0.020549098871483915,C++,0.010527202290719219
1980Q3,Pascal,0.21403006442376526,Fortran,0.18690845462499012,BASIC,0.1393462180863756,COBOL,0.10069195895967553,C,0.0902728068082399,Lisp,0.08414857233754874,Ada,0.0633102680346775,Assembler,0.05495903921100773,APL,0.035472838622444935,ALGOL,0.018929452000318148,C++,0.011930326890956815
1980Q4,Pascal,0.2075131480090158,Fortran,0.17468069120961685,BASIC,0.13711495116453795,COBOL,0.09639368895567244,C,0.09278737791134485,Ada,0.08534936138241923,Lisp,0.08384673178061608,Assembler,0.05725018782870023,APL,0.03456048084147258,ALGOL,0.017355371900826446,C++,0.01314800901577761
1981Q1,Pascal,0.20532153991154933,Fortran,0.16675125063437976,BASIC,0.1376785325889944,C,0.09678822591169434,COBOL,0.0942507068803016,Ada,0.08852316392372943,Lisp,0.08511563836728775,Assembler,0.060320452403393024,APL,0.034437758283187125,ALGOL,0.016312622344667585,C++,0.01450010875081563
1981Q2,Pascal,0.20287650394136356,Fortran,0.15730880929332042,BASIC,0.13566588300373392,Ada,0.10399668095699073,C,0.10067763794772508,COBOL,0.08961416125017287,Lisp,0.08394412944267736,Assembler,0.061333148942055035,APL,0.033259576822016315,C++,0.01721753561056562,ALGOL,0.014105932789379062
1981Q3,Pascal,0.2036763719307661,Fortran,0.15094592781430294,BASIC,0.13585133503287264,C,0.10593049778612637,Ada,0.10458875620555479,COBOL,0.08667650610492417,Lisp,0.08412719710183816,Assembler,0.06312894136589292,APL,0.03267140748691801,C++,0.020059036629545147,ALGOL,0.012344022541258552
1981Q4,Pascal,0.20449657869012708,Fortran,0.14499837080482242,BASIC,0.13613554903877487,C,0.11078527207559466,Ada,0.10498533724340177,Lisp,0.08426197458455524,COBOL,0.08393613554903878,Assembler,0.06484196806777452,APL,0.032192896709025746,C++,0.022743564679048554,ALGOL,0.01062235255783643
1982Q1,Pascal,0.20528416650826836,Fortran,0.13939048343154026,BASIC,0.13634923652030664,C,0.11544066400557561,Ada,0.10536653361211429,Lisp,0.08445796109738325,COBOL,0.08128999556484826,Assembler,0.06646391687258442,APL,0.03167965532535006,C++,0.025280364949629347,ALGOL,0.008997022112399417
1982Q2,Pascal,0.2041418300251951,Fortran,0.13433294414060098,BASIC,0.1318748847784674,C,0.11952313648374606,Ada,0.10950654458305167,Lisp,0.08824433110059607,COBOL,0.07736741842315491,Assembler,0.06728937503840716,APL,0.03146315983531002,C++,0.02728445891968291,ALGOL,0.008971916671787622
1982Q3,Pascal,0.20301963358596412,Fortran,0.1295577967416602,BASIC,0.12770782359610908,C,0.12335143522110165,Ada,0.11338545085635854,Lisp,0.09184221519365042,COBOL,0.07364086650355076,Assembler,0.06809094706689742,APL,0.031330190368204336,C++,0.029122157904159455,ALGOL,0.008951482962344095
1982Q4,Pascal,0.20195930670685758,C,0.127007130021448,Fortran,0.1249782621297316,BASIC,0.1237029737406527,Ada,0.11715262883311112,Lisp,0.0952988232566228,COBOL,0.07008289374529011,Assembler,0.06880760535621122,APL,0.03112863022433482,C++,0.030954727262187696,ALGOL,0.008927018723552256
1983Q1,Pascal,0.20099199639274035,C,0.130424980272799,Ada,0.1206177432082065,Fortran,0.12073047007101792,BASIC,0.11994138203133807,Lisp,0.09857964152857625,Assembler,0.069496110923233,COBOL,0.06673430278435351,C++,0.0325780633524969,APL,0.030999887273137187,ALGOL,0.008905422162101228
1983Q2,Pascal,0.19655572114588507,C,0.13843351548269578,Ada,0.1251310923442071,Fortran,0.11762433073908482,BASIC,0.11431252414858972,Lisp,0.1043219076005961,Assembler,0.06877518352928189,COBOL,0.06281393166639068,C++,0.034608378870673945,APL,0.029695865761439528,ALGOL,0.007727548711155267
1983Q3,Pascal,0.19220161159482993,C,0.14623330268779405,Ada,0.12946839002758098,Fortran,0.11470445081390948,Lisp,0.10989129846952572,BASIC,0.10891785192796496,Assembler,0.06803309718241307,COBOL,0.059055756854686066,C++,0.03655832567194851,APL,0.028392190795522146,ALGOL,0.006543723973825104
1983Q4,Pascal,0.18806318244460934,C,0.15360966818615499,Ada,0.13362662991625146,Lisp,0.1151807484363405,Fortran,0.11189441323014948,BASIC,0.10378458602777482,Assembler,0.06736987172691615,COBOL,0.055443655252835795,C++,0.03842891974981448,APL,0.02719177356090321,ALGOL,0.005406551468249762
1984Q1,Pascal,0.18408606621277482,C,0.1608024530949535,Ada,0.13762278467855102,Lisp,0.12031599189231329,Fortran,0.10914193648978744,BASIC,0.09879943869861235,Assembler,0.06668052596018918,COBOL,0.05202432306013201,C++,0.04017462709838366,APL,0.025986175354711295,ALGOL,0.004365677459591497
1984Q2,Pascal,0.18434226144397997,C,0.16664086287867058,Ada,0.14450121277803582,Lisp,0.11869742478195798,Fortran,0.10755018836765237,BASIC,0.09464829436961346,Assembler,0.063993394230273,COBOL,0.04928523507250865,C++,0.04164731382566961,APL,0.024720028900242556,ALGOL,0.003973783351395985
1984Q3,Pascal,0.1789207168743484,C,0.16700590775951943,Ada,0.14655215211239636,Lisp,0.11338926674278905,Fortran,0.10261629350146453,BASIC,0.08772278210792832,Assembler,0.05937546542223105,COBOL,0.04512733952241473,C++,0.034751526584917834,APL,0.04175147693987986,ALGOL,0.02278707243211041
1984Q4,Pascal,0.18499669194361035,C,0.17807522011298285,Ada,0.15797241589902794,Lisp,0.11537482823553362,Fortran,0.10433100921166472,BASIC,0.0865183978828439,Assembler,0.05867983103465824,C++,0.04453152832205201,COBOL,0.043920810219349585,APL,0.022291210748638605,ALGOL,0.0033080563896381496
1985Q1,Pascal,0.18531062022948994,C,0.1836930698074104,Ada,0.16458575544659557,Lisp,0.11373401405246929,Fortran,0.10281554870343224,BASIC,0.0825456199767477,Assembler,0.05605823181519486,C++,0.04594854167719759,COBOL,0.04129808421371885,APL,0.02107870393772431,ALGOL,0.002931810140019208
1985Q2,C,0.18630246635649608,Pascal,0.1823002651458302,Ada,0.17514633048176498,Lisp,0.1145129821401771,Fortran,0.10005503026664667,BASIC,0.07684226324478463,Assembler,0.05412977137425585,C++,0.04657561658912402,COBOL,0.040672369803391874,APL,0.020761418780329183,ALGOL,0.00270148581719946
1985Q3,C,0.18880911116613025,Ada,0.18554097548898243,Pascal,0.1793018073780639,Lisp,0.11532557563753404,Fortran,0.09740034662045062,BASIC,0.07125526120326814,Assembler,0.05224065362713544,C++,0.04718989848972518,COBOL,0.04000990344144591,APL,0.020450606585788563,ALGOL,0.0024758603614756128
1985Q4,Ada,0.19575448573389545,C,0.19129326404549465,Pascal,0.17638984214138637,Lisp,0.1160898127267379,Fortran,0.09481321698205705,BASIC,0.06574173938621433,Assembler,0.050348073340523575,C++,0.047798803804294535,COBOL,0.03941562898323364,APL,0.02010000980488283,ALGOL,0.002255123051279537
1986Q1,Ada,0.20572676534821646,C,0.19369085173501577,Pascal,0.17350157728706625,Lisp,0.11686483863140015,Fortran,0.09221062848823101,BASIC,0.06037369570492599,Assembler,0.04853190973064791,C++,0.04843484591118661,COBOL,0.038825527784518324,APL,0.019801019170104347,ALGOL,0.002038340208687212
1986Q2,Ada,0.20614183097912547,C,0.20074241912934485,Pascal,0.17215446174613122,Lisp,0.11599093670153786,Fortran,0.09121149303379454,BASIC,0.05669382442269681,C++,0.05018560478233621,Assembler,0.04763052596056501,COBOL,0.038663645567179286,APL,0.01889794147423227,ALGOL,0.0016873162030564526
1986Q3,C,0.2077884753556546,Ada,0.20644728648752217,Pascal,0.17085788187958043,Lisp,0.11515064424965274,Fortran,0.09019495138190353,BASIC,0.05307275949609619,C++,0.05192316903769699,Assembler,0.04670211237246731,COBOL,0.038511280356373044,APL,0.017962350912487428,ALGOL,0.0013890884705656944
1986Q4,C,0.21469356680624285,Ada,0.20669965740388274,Pascal,0.1695374952417206,Lisp,0.11429387133612486,Fortran,0.08921773886562619,C++,0.05367339170156071,BASIC,0.04953368861819566,Assembler,0.04582223068138561,COBOL,0.03835173201370385,APL,0.01708222306813856,ALGOL,0.0010944042634183479
1987Q1,C,0.22156028368794328,Ada,0.20699763593380618,Pascal,0.16822695035460994,Lisp,0.11347517730496455,Fortran,0.08827423167848701,C++,0.05536643026004729,BASIC,0.046004728132387714,Assembler,0.04491725768321514,COBOL,0.0382033096926714,APL,0.01617021276595745,ALGOL,0.0008037825059101656
1987Q2,C,0.2261972633979476,Ada,0.21313188901558347,Pascal,0.1651463321930825,Lisp,0.10903648802736604,Fortran,0.08751425313568988,C++,0.056537438236412024,BASIC,0.04423223109083999,Assembler,0.04328202204484987,COBOL,0.038578487267198786,APL,0.01553591790193843,ALGOL,0.0008076776890916003
1987Q3,C,0.23085370511841102,Ada,0.2193945760122231,Pascal,0.16200343773873185,Lisp,0.10451680672268908,Fortran,0.0867551566080978,C++,0.05772536287242169,BASIC,0.042398777692895344,Assembler,0.04158708938120703,COBOL,0.03900878533231474,APL,0.014944614209320091,ALGOL,0.0008116883116883117
1987Q4,C,0.2355679255242574,Ada,0.22577858822400304,Pascal,0.15878880944383128,Lisp,0.09995681174720475,Fortran,0.08599261001007726,C++,0.05887998464417678,BASIC,0.04059695762752531,Assembler,0.039925140361821584,COBOL,0.03939728393876866,APL,0.014300110369979364,ALGOL,0.0008157781083545276
1988Q1,C,0.24032989292948778,Ada,0.23217902961319573,Pascal,0.155589852416321,Lisp,0.0953506318124819,Fortran,0.08522234011768111,C++,0.06009453072248481,COBOL,0.039789717372431754,BASIC,0.038728658242500234,Assembler,0.038198128677534485,APL,0.013697308768206809,ALGOL,0.0008199093276743514
1988Q2,C,0.24510948905109486,Ada,0.2302189781021898,Pascal,0.1524087591240876,Lisp,0.09479318734793188,Fortran,0.08486618004866181,C++,0.061946472019464724,COBOL,0.039464720194647196,Assembler,0.0386374695863747,BASIC,0.03844282238442823,APL,0.01338199513381995,ALGOL,0.00072992700729927
1988Q3,C,0.24996317572543822,Ada,0.2280159080866107,Pascal,0.14921196052437768,Lisp,0.09431924191093437,Fortran,0.08449943536112339,C++,0.06387784160652035,Assembler,0.039082830068247656,COBOL,0.039082830068247656,BASIC,0.038199047478764674,APL,0.013109441743997644,ALGOL,0.0006382874257377131
1988Q4,C,0.25494276795005205,Ada,0.22585600317129972,Pascal,0.14592933947772657,Lisp,0.09385065160299291,Fortran,0.08413854615727664,C++,0.06585402110896388,Assembler,0.03954214360041623,COBOL,0.03869976710767553,BASIC,0.037906942173331355,APL,0.012784302066299985,ALGOL,0.0004955155839651157
1989Q1,C,0.25997599759976,Ada,0.22357235723572358,Pascal,0.14256425642564258,Lisp,0.09335933593359337,Fortran,0.08375837583758376,C++,0.06785678567856786,Assembler,0.040004000400040006,COBOL,0.03835383538353836,BASIC,0.037653765376537654,APL,0.012501250125012502,ALGOL,0.00040004000400040005
1989Q2,C,0.268012263668881,Ada,0.21691364333163007,Pascal,0.1424629535002555,Lisp,0.0912621359223301,Fortran,0.08083801737353093,C++,0.07235564639754727,Assembler,0.039703628002043946,BASIC,0.03893714869698518,COBOL,0.0369443025038324,APL,0.012161471640265714,ALGOL,0.0004087889626980072
1989Q3,C,0.2764223394806959,Ada,0.20981139961339532,Pascal,0.1424168016300089,Lisp,0.08907580586176271,Fortran,0.07779112899012591,C++,0.07711195862285147,BASIC,0.04028002716681469,Assembler,0.03939188130191735,COBOL,0.03552583459589363,APL,0.011754871741288335,ALGOL,0.0004179509952458074
1989Q4,C,0.28527148353997434,Ada,0.20238349722103458,Pascal,0.14231509191962374,Lisp,0.08678922616502777,C++,0.0820863616930312,Fortran,0.07455109020949122,BASIC,0.041737922188969635,Assembler,0.03906584010260794,COBOL,0.033988884138520734,APL,0.01138306968790081,ALGOL,0.0004275331338178708
1990Q1,C,0.29300021772262136,Ada,0.1937187023731766,Pascal,0.14157413455258003,C++,0.08681689527541911,Lisp,0.08398650119747442,Fortran,0.07081428260396255,BASIC,0.04300021772262138,Assembler,0.03859133463966906,COBOL,0.03222294796429349,APL,0.010886131069018071,Visual Basic,0.005388634879163945
1990Q2,C,0.30247825373379283,Ada,0.18945237704469609,Pascal,0.136276601564637,C++,0.0892827835220745,Lisp,0.07976366322008861,Fortran,0.07188577055637617,BASIC,0.04305487171070627,Assembler,0.03796706603205864,COBOL,0.030800372011598003,APL,0.011050932764374417,Visual Basic,0.00798730783959735
1990Q3,C,0.3120738948757422,Ada,0.1851770398064658,Pascal,0.13085550912689686,C++,0.09176380030789533,Lisp,0.07543435232021113,Fortran,0.07307015614691005,BASIC,0.04310534418297779,Assembler,0.03733230701561469,COBOL,0.029360017594018035,APL,0.01121618649659116,Visual Basic,0.01061139212667693
1990Q4,C,0.3217857340184541,Ada,0.18083872037129123,Pascal,0.12542129399414334,C++,0.0942593513453782,Fortran,0.07425824631195094,Lisp,0.07105364937289353,BASIC,0.043151555334548876,Assembler,0.036742361456434065,COBOL,0.027846842366981605,Visual Basic,0.013260401127134096,APL,0.0113818443007901
1991Q1,C,0.33150091620856237,Ada,0.17652284968626794,Pascal,0.11994002998500748,C++,0.09678494086290186,Fortran,0.07540674107390748,Lisp,0.06668887778333055,BASIC,0.043200621911266585,Assembler,0.03609306457882169,COBOL,0.026375701038369698,Visual Basic,0.015936476206341272,APL,0.011549780665222942
1991Q2,C,0.34703017410289433,Ada,0.16363432794043556,Pascal,0.1147063763085708,C++,0.1007669484409114,Fortran,0.07523932150254718,Lisp,0.06421093881206966,BASIC,0.04416951239993283,Assembler,0.03627610143872811,COBOL,0.024855847282091482,Visual Basic,0.017802160891227683,APL,0.011308290880591168
1991Q3,C,0.3628718180278829,Ada,0.15042050008466445,Pascal,0.1094429079415251,C++,0.10481458486199696,Fortran,0.07501269966698651,Lisp,0.06163571710786251,BASIC,0.04521081447197607,Assembler,0.0364621549923802,COBOL,0.023310944290794153,Visual Basic,0.019755037534571317,APL,0.011062821019359938
1991Q4,C,0.3789767230095043,Ada,0.13693016902851288,C++,0.10898639804222866,Pascal,0.10403505776563657,Fortran,0.07483922372090376,Lisp,0.0590746115758921,BASIC,0.046269421205395254,Assembler,0.036651300438222074,COBOL,0.021740367651243524,Visual Basic,0.021683455694041318,APL,0.010813271868419554
1992Q1,C,0.3954195844334749,Ada,0.12323499024222247,C++,0.1131902192630008,Pascal,0.09861095167030191,Fortran,0.07461829870278958,Lisp,0.056480312248880726,BASIC,0.047353920330616465,Assembler,0.03684995982091608,Visual Basic,0.02364826081965331,COBOL,0.020089541958443348,APL,0.010503960509700379
1992Q2,C,0.40445011009386955,C++,0.11559856298528219,Ada,0.11571445126897671,Pascal,0.09566577818982502,Fortran,0.07440027813188087,Lisp,0.05504693475489628,BASIC,0.047282419747363545,Assembler,0.03575153551975895,Visual Basic,0.025669254838335844,COBOL,0.01993278479545718,APL,0.010487889674353924
1992Q3,C,0.41302950628104007,C++,0.11784983932223199,Ada,0.1079754601226994,Pascal,0.0925503943908852,Fortran,0.07402862985685073,Lisp,0.053578732106339476,BASIC,0.0472100496640374,Assembler,0.0345895413380076,Visual Basic,0.027753432661408124,COBOL,0.01974875839906515,Perl,0.011685655857435
1992Q4,C,0.42175347631392884,C++,0.12013905255715296,Ada,0.10010605703511666,Pascal,0.08944143294838558,Fortran,0.07365071883101579,Lisp,0.05208578835729437,BASIC,0.04707753947678529,Assembler,0.03340796606174876,Visual Basic,0.02981381098279519,COBOL,0.01950271034645298,Perl,0.013021447089323592
1993Q1,C,0.43062570562719116,C++,0.1225265910036247,Ada,0.09210291758274408,Pascal,0.08622021510487848,Fortran,0.07332580664329431,Lisp,0.05050805157763385,BASIC,0.046942777348624405,Assembler,0.03220631053538535,Visual Basic,0.03190920434963456,COBOL,0.019311902073801176,Perl,0.014320518153187951
1993Q2,C,0.4355091698841698,C++,0.12397442084942084,Ada,0.08681225868725868,Pascal,0.08114140926640925,Fortran,0.07354005791505791,BASIC,0.047779922779922775,Lisp,0.047659266409266404,Visual Basic,0.03426640926640926,Assembler,0.03354247104247104,COBOL,0.019968629343629342,Perl,0.015805984555984556
1993Q3,C,0.4404287901990811,C++,0.12545176110260334,Ada,0.08134762633996935,Pascal,0.075895865237366,Fortran,0.07375191424196016,BASIC,0.04869831546707503,Lisp,0.04471669218989279,Visual Basic,0.03675344563552833,Assembler,0.03497702909647779,COBOL,0.020643185298621743,Perl,0.017335375191424193
1993Q4,C,0.44558521560574954,C++,0.12693671831248834,Ada,0.07566423993528718,Fortran,0.0740464190156182,Pascal,0.07049965776865162,BASIC,0.04959243357600648,Lisp,0.04169000062223882,Visual Basic,0.03926326924273536,Assembler,0.036400970692551805,COBOL,0.021405015244850976,Perl,0.018916059983821794
1994Q1,C,0.4509072516912183,C++,0.12853259151545804,Fortran,0.07428715938547134,Ada,0.06986154137952837,Pascal,0.06486691534424986,BASIC,0.05057849149649112,Visual Basic,0.0418537017133464,Lisp,0.03850287665170386,Assembler,0.03793386862236834,COBOL,0.022128090029714866,Perl,0.02054751217044952
1994Q2,C,0.45598771750255895,C++,0.12998976458546574,Fortran,0.0717758444216991,Ada,0.06352354145342888,Pascal,0.06269191402251793,BASIC,0.050729273285568074,Visual Basic,0.04433213920163767,Assembler,0.03787103377686797,Lisp,0.036271750255885374,Perl,0.024053224155578305,COBOL,0.022773797338792225
1994Q3,C,0.4612495953382971,C++,0.1314988669472321,Fortran,0.06908384590482355,Pascal,0.0604726448688896,Ada,0.05697636775655552,BASIC,0.05082550987374554,Visual Basic,0.04694075752670767,Assembler,0.037746843638718025,Lisp,0.03405632890903204,Perl,0.027711233408870183,COBOL,0.02343800582712852
1994Q4,C,0.4665487189568181,C++,0.13301880610707031,Fortran,0.06637835004259224,Pascal,0.058187536858659336,BASIC,0.050979621256798384,Ada,0.05025882969661229,Visual Basic,0.04953803813642619,Assembler,0.03767774064609135,Lisp,0.03171482864818819,Perl,0.031518249131773805,COBOL,0.024179280518969927
1995Q1,C,0.47147684356986685,C++,0.13443318094480886,Fortran,0.06353938912078448,Pascal,0.05578745113628835,Visual Basic,0.05214337772477308,BASIC,0.051017027761213814,Ada,0.04326508977671769,Assembler,0.03756708407871199,Perl,0.03531438415159346,Lisp,0.029285099052540918,JavaScript,0.026171072682700594
1995Q2,C,0.4650335570469799,C++,0.13302013422818793,Fortran,0.061677852348993284,Visual Basic,0.0548993288590604,Pascal,0.05416107382550336,BASIC,0.051543624161073824,Ada,0.040134228187919466,Perl,0.03966442953020134,Assembler,0.038053691275167785,JavaScript,0.03369127516778523,Lisp,0.02812080536912752
1995Q3,C,0.4575327585036324,C++,0.13137348088804404,Fortran,0.05974607916355491,Visual Basic,0.0577092810102519,Pascal,0.05234571253988731,BASIC,0.052006246181003475,Perl,0.04406273338312174,JavaScript,0.04114332269672076,Assembler,0.038495485097426854,Ada,0.03686604657478445,Java,0.028718853961572418
1995Q4,C,0.4450560652395515,C++,0.12823649337410808,Visual Basic,0.059870880054366304,Fortran,0.05708460754332315,BASIC,0.051919809717974864,Pascal,0.05001698946653076,JavaScript,0.048250084947332655,Perl,0.048114169215086655,Java,0.03975535168195719,Assembler,0.03853211009174312,Ada,0.033163438668025826
1996Q1,C,0.43132333989011734,C++,0.12480499219968798,Visual Basic,0.06185986569897578,JavaScript,0.055144814488231705,Fortran,0.05433086888692939,Perl,0.05195686088313098,BASIC,0.0517533744828054,Java,0.05073594248117751,Pascal,0.04748016007596825,Assembler,0.03845892966153429,Delphi,0.03215085125144136
1996Q2,C,0.4203476966786173,C++,0.12284380707569505,Visual Basic,0.06318068051139822,JavaScript,0.05986606236893729,Java,0.05756612324967868,Perl,0.05519853886220658,Fortran,0.05174863018331868,BASIC,0.051139822769397277,Pascal,0.04538997497125076,Assembler,0.03889602922275587,Delphi,0.03382263410674423
1996Q3,C,0.4095141700404858,C++,0.12091767881241565,JavaScript,0.06457489878542509,Visual Basic,0.06450742240215925,Java,0.0642375168690958,Perl,0.05850202429149797,BASIC,0.05053981106612685,Fortran,0.04919028340080971,Pascal,0.04331983805668015,Assembler,0.0393387314439946,Delphi,0.03535762483130904
1996Q4,C,0.3986677432377877,C++,0.11902839456331586,Java,0.07091912259453641,JavaScript,0.06916969452294443,Visual Basic,0.06587269546494416,Perl,0.061700982371147906,BASIC,0.04999327143049388,Fortran,0.046628986677432385,Pascal,0.041246131072533984,Assembler,0.03983313147624815,Delphi,0.036939846588615266
1997Q1,C,0.38793450543551194,C++,0.11716548114347065,Java,0.07757348006978927,JavaScript,0.07381559522211782,Visual Basic,0.0671721916521272,Perl,0.06489061870889812,BASIC,0.04938934371225338,Fortran,0.044088041873574006,Assembler,0.04026305193933699,Pascal,0.039189370554288006,Delphi,0.03851831968863239
1997Q2,C,0.37601406165494866,C++,0.11600865332612224,Java,0.0846403461330449,JavaScript,0.07916441319632235,Visual Basic,0.06855056787452678,Perl,0.06807733910221742,BASIC,0.04833693888588427,Fortran,0.04150892374256355,Delphi,0.039683612763656034,Assembler,0.03914277988101677,Pascal,0.03887236343969714
1997Q3,C,0.3638902131716952,C++,0.11482667029898523,Java,0.0917387454879793,JavaScript,0.08465572430702173,Perl,0.07130695361983247,Visual Basic,0.069944834161956,BASIC,0.047265545188313024,Delphi,0.040795477763399854,Fortran,0.03888851052237281,Pascal,0.038616086630797526,Assembler,0.03807123884764694
1997Q4,C,0.3515405201399848,C++,0.11370342414053385,Java,0.09901873327386261,JavaScript,0.09016674672339257,Perl,0.07458999519659643,Visual Basic,0.07136485280999107,BASIC,0.046181294174157686,Delphi,0.04192685102586976,Pascal,0.038289988334591366,Assembler,0.03691758731901461,Fortran,0.036300006862005074
1998Q1,C,0.33813693718541,C++,0.11218368613390335,Java,0.10604702475349931,JavaScript,0.09556643453078675,Perl,0.0777770116527615,Visual Basic,0.07260566779287045,BASIC,0.044956215955319595,Delphi,0.04295662966282839,Pascal,0.03792318830586776,PHP,0.036199407019237406,Assembler,0.03564779700751569
1998Q2,C,0.33264618978904686,Java,0.11179825465539749,C++,0.10870610870610868,JavaScript,0.09970452827595683,Perl,0.07771593485879198,Visual Basic,0.07263107263107262,BASIC,0.043221328935614645,Delphi,0.042809042809042804,PHP,0.040404040404040394,Pascal,0.036075036075036065,Assembler,0.03428846285989143
1998Q3,C,0.3272403642089409,Java,0.11754638187170537,C++,0.10515506264119942,JavaScript,0.1038543164236325,Perl,0.07763401109057301,Visual Basic,0.07263640720202642,PHP,0.0445676730334771,Delphi,0.04265078387074691,BASIC,0.04155541863490108,Pascal,0.03423016362018211,Assembler,0.03292941740261519
1998Q4,C,0.32191827546217344,Java,0.12320076403574597,JavaScript,0.10792004911658369,C++,0.10164404120335632,Perl,0.07756327171021217,Visual Basic,0.07271983082065626,PHP,0.04863906132751212,Delphi,0.042499488368920126,BASIC,0.03990722423084795,Pascal,0.03240330172590218,Assembler,0.031584691998089914
1999Q1,C,0.3166553365057784,Java,0.12882392929979605,JavaScript,0.11203263086335827,C++,0.09816451393609789,Perl,0.07743031951053705,Visual Basic,0.07273963290278722,PHP,0.052753229095853164,Delphi,0.042284160435078176,BASIC,0.03827328348062543,Pascal,0.030591434398368457,Assembler,0.03025152957171992
1999Q2,C,0.3032359797065679,Java,0.13629507747154804,JavaScript,0.11703002879473466,C++,0.09742218565747977,Perl,0.07692307692307691,Visual Basic,0.0730837789661319,PHP,0.05930344165638283,Delphi,0.041683806389688736,BASIC,0.03619909502262443,Pascal,0.030234471410941998,Assembler,0.028589058000822704
1999Q3,C,0.2895282888366303,Java,0.14393415410153548,JavaScript,0.12221607414580166,C++,0.09662470604509615,Perl,0.0764282750034583,Visual Basic,0.07338497717526629,PHP,0.06605339604371284,Delphi,0.041015354820860425,BASIC,0.034098768847696775,Pascal,0.029810485544335318,Assembler,0.026905519435606588
1999Q4,C,0.2753138075313808,Java,0.15160390516039052,JavaScript,0.1273361227336123,C++,0.09581589958158998,Perl,0.07580195258019526,Visual Basic,0.07370990237099025,PHP,0.07280334728033473,Delphi,0.04037656903765691,BASIC,0.03186889818688982,Pascal,0.0294281729428173,C#,0.025941422594142265
2000Q1,C,0.26007428691569134,Java,0.1588758847851987,JavaScript,0.13217464433387063,C++,0.09468077650851496,PHP,0.07947298339056696,Perl,0.07491765365477608,Visual Basic,0.07372625972387693,Delphi,0.039526245707477745,BASIC,0.029574602284673065,Pascal,0.02894386432125587,C#,0.028032798374097695
2000Q2,C,0.24588665447897623,Java,0.16664322880045002,JavaScript,0.13640838138095907,C++,0.09316551821122206,PHP,0.086696667135424,Perl,0.07382927858247786,Visual Basic,0.07375896498382788,Delphi,0.03853185206018844,C#,0.029883279426241034,Pascal,0.028266066657291516,BASIC,0.02693010828294192
2000Q3,C,0.23163762082833558,Java,0.17448670006350103,JavaScript,0.1406194877584139,PHP,0.09398151414661682,C++,0.09165314330064207,Visual Basic,0.07373174345586679,Perl,0.07267339307133283,Delphi,0.037536160304804916,C#,0.031750511536019196,Pascal,0.02765822338248783,BASIC,0.024271502151979117
2000Q4,C,0.2172743362831858,Java,0.1823716814159292,JavaScript,0.14492035398230085,PHP,0.1013805309734513,C++,0.09012389380530972,Visual Basic,0.07369911504424777,Perl,0.07157522123893803,Delphi,0.036460176991150436,C#,0.03362831858407079,Pascal,0.026973451327433624,BASIC,0.021592920353982296
2001Q1,C,0.20265285856149806,Java,0.19002695417789756,JavaScript,0.14895729890764645,PHP,0.10852603206128528,C++,0.08845226273230244,Visual Basic,0.07355653284153779,Perl,0.07029365867498935,C#,0.03546602354943963,Delphi,0.035395091502340756,Pascal,0.026315789473684206,Python,0.02035749751737835
2001Q2,Java,0.1963425007088177,C,0.19166430394102638,JavaScript,0.1512616954919195,PHP,0.11447405727246952,C++,0.08683016728097534,Visual Basic,0.07244116813155657,Perl,0.06868443436348172,C#,0.037000283527076835,Delphi,0.03423589452792742,Pascal,0.025942727530479166,Python,0.02112276722426992
2001Q3,Java,0.20263474750336427,C,0.18082017140024081,JavaScript,0.1535519512713365,PHP,0.12033430129612578,C++,0.08527516113039167,Visual Basic,0.07139315815567675,Perl,0.06714356540831504,C#,0.038458814363623486,Delphi,0.03300517033784262,Pascal,0.025497556484170267,Python,0.02188540264891281
2001Q4,Java,0.20886120744567907,C,0.1700757307665086,JavaScript,0.1557788944723618,PHP,0.1261943520418996,C++,0.08365772524594804,Visual Basic,0.07035175879396983,Perl,0.0655389624177224,C#,0.039988675773232354,Delphi,0.03177861136669261,Pascal,0.025125628140703512,Python,0.022648453535282043
2002Q1,Java,0.21510394569367844,C,0.15924197426106634,JavaScript,0.15803988120492155,PHP,0.13208881346344223,C++,0.08209588459906661,Visual Basic,0.06929712911893651,Perl,0.06392306604440673,C#,0.04150756611511809,Delphi,0.030547305897327116,Pascal,0.024748974685334466,Python,0.023405458916702024
2002Q2,Java,0.21442374051069701,JavaScript,0.1559696342305038,C,0.147135955831608,PHP,0.13354037267080746,C++,0.07908902691511388,Visual Basic,0.06625258799171842,Perl,0.06073153899240856,C#,0.042097998619737745,Delphi,0.04830917874396135,Pascal,0.028709454796411318,Python,0.023740510697032435
2002Q3,Java,0.22461407732615776,JavaScript,0.1618042770145872,C,0.14240192607279423,PHP,0.1418354340744937,C++,0.08001699475994903,Visual Basic,0.066491998300524,Perl,0.06054383231836851,C#,0.04482367936552896,Delphi,0.0283245999150262,Python,0.02520889392437332,Pascal,0.02393428692819714
2002Q4,Java,0.2294117647058823,JavaScript,0.16364280652019841,PHP,0.14677533664068035,C,0.13394755492558466,C++,0.07902197023387668,Visual Basic,0.06513111268603826,Perl,0.0588235294117647,C#,0.04656272147413182,Delphi,0.02714386959603118,Python,0.026080793763288444,Pascal,0.02345854004252303
2003Q1,Java,0.23416778951847392,JavaScript,0.1655201758740515,PHP,0.15169136940642508,C,0.12545209559605702,C++,0.07800865186866181,Visual Basic,0.06375434366356997,Perl,0.0570881497766116,C#,0.04822353024608184,Python,0.02701936032905468,Delphi,0.026026522941635346,Pascal,0.02304801077937735
2003Q2,Java,0.23753728163613128,JavaScript,0.16638261610566682,PHP,0.15452350518392274,C,0.11979832410169011,C++,0.07896605595796051,Visual Basic,0.061994034938219006,Perl,0.05553188467547224,C#,0.04956682289447522,Python,0.02797898025848601,Delphi,0.025067462008237465,Pascal,0.022653032239738673
2003Q3,Java,0.2408987485779295,JavaScript,0.16716439135381117,PHP,0.1574232081911263,C,0.11419226393629124,C++,0.07999146757679182,Visual Basic,0.060224687144482376,Perl,0.053896473265073956,C#,0.05098122866894198,Python,0.02886803185437998,Delphi,0.024104095563139936,Pascal,0.022255403868031855
2003Q4,Java,0.24428459511430808,JavaScript,0.16800797663984046,PHP,0.1603162167936757,C,0.10853927782921445,C++,0.08097713838045723,Visual Basic,0.05847161883056763,C#,0.05234669895306602,Perl,0.052275478954490424,Python,0.029841179403176415,Delphi,0.02314649953707001,Pascal,0.02179331956413361
2004Q1,Java,0.24764689104392465,JavaScript,0.16878208784940102,PHP,0.16322019395322304,C,0.10289503707929264,C++,0.08200228180262407,Visual Basic,0.05675984027381631,C#,0.05369366799771819,Perl,0.05062749572162007,Python,0.03080433542498574,Delphi,0.02217626925270964,Pascal,0.02139189960068454
2004Q2,Java,0.24892550143266476,JavaScript,0.169054441260745,PHP,0.16446991404011463,C,0.1004297994269341,C++,0.08223495702005731,C#,0.05530085959885387,Visual Basic,0.05522922636103152,Perl,0.049212034383954155,Python,0.03230659025787966,Delphi,0.02163323782234957,Pascal,0.021203438395415473
2004Q3,Java,0.2501079602706205,JavaScript,0.16928170433280557,PHP,0.16575500215920547,C,0.09802792572333383,C++,0.0824096732402476,C#,0.056859075860083506,Visual Basic,0.05376421476896503,Perl,0.04779041312796892,Python,0.03382755146106234,Delphi,0.021160213041600696,Pascal,0.02101626601410681
2004Q4,Java,0.25139220365950676,JavaScript,0.16952339625370655,PHP,0.16699211687278515,C,0.09561003833080207,C++,0.08266435235408984,C#,0.05850871483329718,Visual Basic,0.052216677515006873,Perl,0.046286251536848205,Python,0.035365589064873075,Pascal,0.02082881319158169,Delphi,0.020611846387502717
2005Q1,Java,0.25265223078040977,JavaScript,0.16981543380322625,PHP,0.1682894928062781,C,0.0931550646708327,C++,0.08283679697718353,C#,0.06009300973695682,Visual Basic,0.05071937218427553,Perl,0.04483359976747565,Python,0.03691323935474494,Pascal,0.020563871530300825,Delphi,0.020127888388315647
2005Q2,Java,0.2524059492563429,JavaScript,0.16980169145523472,PHP,0.168562263050452,C,0.09193642461358995,C++,0.08384368620589092,C#,0.060659084281131516,Visual Basic,0.04986876640419947,Perl,0.04359871682706328,Python,0.038786818314377365,Pascal,0.02034120734908136,Matlab,0.020195392242636334
2005Q3,Java,0.25179015051877834,JavaScript,0.1696624287593161,PHP,0.1686394856057285,C,0.0906035364606167,C++,0.08475814701154465,C#,0.061084319742802866,Visual Basic,0.049028204004091774,Perl,0.042306006137658926,Python,0.04062545667105071,Ruby,0.020824199912319163,Matlab,0.02067806517609236
2005Q4,Java,0.2510613380178598,JavaScript,0.1693749085053433,PHP,0.16856975552627732,C,0.08929878495095887,C++,0.08563899868247696,C#,0.06148440931049628,Visual Basic,0.048162787293222084,Python,0.042453520714390285,Perl,0.040989606206997514,Ruby,0.021812326160152253,Matlab,0.021153564631825505
2006Q1,Java,0.2503849255810544,JavaScript,0.16914729818901683,PHP,0.16856074492264833,C,0.08790967079697928,C++,0.08651660678935409,C#,0.061881369601876984,Visual Basic,0.047217537942664436,Python,0.04428477161082192,Perl,0.03973898379646603,Ruby,0.022728939071779464,Matlab,0.021629151697338523
2006Q2,Java,0.25077171835954726,JavaScript,0.16772012347493753,PHP,0.16757312950169043,C,0.08849037189475231,C++,0.08709392914890489,C#,0.06166397177715714,Visual Basic,0.046744083492576805,Python,0.04556813170660003,Perl,0.03843892400411583,Ruby,0.023739526679406143,Matlab,0.022196089960311628
2006Q3,Java,0.25117855038302883,PHP,0.1666175604007071,JavaScript,0.1662492634060106,C,0.08905421331761931,C++,0.08765468473777253,C#,0.06135827931644077,Python,0.04692103712433706,Visual Basic,0.04625810253388332,Perl,0.03719799646434884,Ruby,0.02474955804360636,Matlab,0.022760754272245134
2006Q4,Java,0.251624335499114,PHP,0.16560838747784998,JavaScript,0.16479621972829298,C,0.08963378617838158,C++,0.08823095097460129,C#,0.06113408151210868,Python,0.04821323095097461,Visual Basic,0.0457028942705257,Perl,0.03588304784406379,Ruby,0.025841701122268163,Matlab,0.02333136444181926
2007Q1,Java,0.252016278209397,PHP,0.16463189049204588,JavaScript,0.16330003699593043,C,0.09019607843137255,C++,0.08879023307436182,C#,0.06082130965593785,Python,0.049574546799852015,Visual Basic,0.04520902700702923,Perl,0.034628190899001106,Ruby,0.026859045504994447,Matlab,0.023973362930077693
2007Q2,Java,0.25142814748868614,PHP,0.16299428741004526,JavaScript,0.16225239261072782,C,0.09169819719563765,C++,0.08962089175754878,C#,0.060316047184509246,Python,0.05119074115290453,Visual Basic,0.04488463535870613,Perl,0.0334594554492173,Ruby,0.027746865494472885,Matlab,0.02440833889754433
2007Q3,Java,0.25079979168216654,PHP,0.16129752250576596,JavaScript,0.1612231232795179,C,0.09322223048880292,C++,0.09046945911762518,C#,0.0598169779034298,Python,0.052897849862361436,Visual Basic,0.044565136522580165,Perl,0.03221486496540436,Ruby,0.028643702105498103,Matlab,0.024849341566847705
2007Q4,Java,0.25016782277914523,JavaScript,0.16014022525546356,PHP,0.1596181099425673,C,0.09465204743790558,C++,0.09129559185500112,C#,0.059371969866487656,Python,0.054523756246736776,Visual Basic,0.04423062579249646,Perl,0.03102856716640561,Ruby,0.02961139703140151,Matlab,0.0253598866263892
2008Q1,Java,0.24949517612743996,JavaScript,0.1590756113978012,PHP,0.15795378056989007,C,0.09617829631291601,C++,0.09213970533243586,C#,0.058858724104405055,Python,0.05624111883927903,Visual Basic,0.04390097973225637,Ruby,0.030513798519183306,Perl,0.029840700022436616,Matlab,0.025802109041956473
2008Q2,Java,0.24966180670374272,JavaScript,0.15842477078009923,PHP,0.15601984067338048,C,0.09597174207124606,C++,0.09326619570118745,C#,0.0598226364046295,Python,0.05794378475875546,Visual Basic,0.04328874192093793,Ruby,0.030587704794829407,Perl,0.028859161280625288,Matlab,0.026153614910566666
2008Q3,Java,0.24973568947288938,JavaScript,0.15775562603836285,PHP,0.1540552786588129,C,0.09575592810753665,C++,0.09432109953179281,C#,0.060866938528923144,Python,0.05973417912702011,Visual Basic,0.042591753511554156,Ruby,0.030735538438302384,Perl,0.027941398580274893,Matlab,0.026506570004531046
2008Q4,Java,0.2498292997496397,JavaScript,0.1571200971094758,PHP,0.1521128897655717,C,0.0955162734238677,C++,0.09536453986799183,C#,0.06190729079735985,Python,0.0614520901297322,Visual Basic,0.04195432819968137,Ruby,0.030877778620741984,Perl,0.027008572945906993,Matlab,0.026856839390031112
2009Q1,Java,0.24996187280768647,JavaScript,0.15647399725484218,PHP,0.15014488333079154,C++,0.09646179655330182,C,0.09524172639926796,Python,0.06329113924050635,C#,0.06298612170199787,Visual Basic,0.04125362208326979,Ruby,0.03095928015860912,Matlab,0.027222815311880436,Perl,0.02600274515784658
2009Q2,Java,0.2507290867229471,JavaScript,0.1569455103607061,PHP,0.14827321565617807,C++,0.09608595548733692,C,0.09339984650805834,Python,0.06546431312356102,C#,0.06523407521105143,Visual Basic,0.04021488871834229,Ruby,0.031235610130468158,Matlab,0.0273983115886416,Perl,0.025019186492709133
2009Q3,Java,0.25028826197248066,JavaScript,0.15673764317011304,PHP,0.1457452532861865,C++,0.09524175570758708,C,0.09109078330386657,Python,0.06741486663079407,C#,0.0671842570528096,Visual Basic,0.03904988853870398,Ruby,0.03143977246521639,Objective C,0.028364978092090095,Matlab,0.027442539780152205
2009Q4,Java,0.15024539309195298,JavaScript,0.09408278544309659,PHP,0.08607278451708492,C++,0.056718214649504585,C,0.05338457264561534,Python,0.04167052504861561,C#,0.041577923881840916,Visual Basic,0.42133530882489123,Objective C,0.01939994443929994,Ruby,0.01898323918881378,Matlab,0.01652930826928419
2010Q1,Java,0.2493061979648474,JavaScript,0.15610545790934321,PHP,0.14053345667591738,C++,0.09343200740055503,C,0.08641689793401172,Python,0.07123034227567068,C#,0.07107616404563676,Visual Basic,0.036540240518038856,Objective C,0.03615479494295406,Ruby,0.031683626271970404,Matlab,0.02752081406105458
2010Q2,Java,0.2481266898416377,JavaScript,0.15704905368868288,PHP,0.13804557744302823,C++,0.09154113557358054,C,0.08404789494013133,Python,0.07369640787949015,C#,0.0730784086519892,Objective C,0.03993820007724991,Visual Basic,0.03514870606411742,Ruby,0.031904210119737354,Matlab,0.02742371572035535
2010Q3,Java,0.2469231364656707,JavaScript,0.15798436411486957,PHP,0.13561421162628687,C++,0.08955801532626365,C,0.08158526201718398,Python,0.07624429135381995,C#,0.07508321077482777,Objective C,0.04381144051397167,Visual Basic,0.0338261475346389,Ruby,0.03204582398018422,Matlab,0.027324096292282683
2010Q4,Java,0.2457732278579184,JavaScript,0.15898867690398635,PHP,0.13308515588645883,C++,0.08756010547541491,C,0.07918411664340004,Python,0.07871878393051032,C#,0.0770901194353963,Objective C,0.04769660307119591,Visual Basic,0.032418178997983556,Ruby,0.03226306809368699,Matlab,0.027221963704048394
2011Q1,Java,0.24457915598041496,JavaScript,0.15994404290044295,PHP,0.13064428382684384,C++,0.08556773140592211,Python,0.08129323074531747,C#,0.07911712131810056,C,0.07670785730939611,Objective C,0.05152716250874329,Ruby,0.03240848682676614,Visual Basic,0.03108727753167016,Matlab,0.027123649646382215
2011Q2,Java,0.24437675726335514,JavaScript,0.16096532333645733,PHP,0.12878787878787876,Python,0.08419243986254293,C++,0.08309903155263978,C#,0.08145891908778505,C,0.07364885973133395,Objective C,0.05396751015307716,Ruby,0.032567947516401116,Visual Basic,0.029756326148078723,Matlab,0.027179006560449855
2011Q3,Java,0.24417235695785258,JavaScript,0.1620751903304293,PHP,0.1269131151400989,Python,0.08719880700102031,C#,0.08382387567694842,C++,0.08052743112785495,C,0.07048112393061769,Objective C,0.05635350443450278,Ruby,0.03272898516599953,Visual Basic,0.028490699317165056,Matlab,0.0272349109175104
2011Q4,Java,0.24396592522479885,JavaScript,0.16319608771099545,PHP,0.12501971919861177,Python,0.0901561760530052,C#,0.08621233633065152,C++,0.0779302729137088,C,0.06728190566335383,Objective C,0.05884208865751696,Ruby,0.03289162328442972,Matlab,0.02729137087868749,Visual Basic,0.027212494084240417
2012Q1,Java,0.24381737476220672,JavaScript,0.1643151553582752,PHP,0.12309765377298666,Python,0.0932149651236525,C#,0.08861762840837031,C++,0.0753012048192771,C,0.06412492073557387,Objective C,0.061271401395053895,Ruby,0.032974001268230815,Matlab,0.02734622701331642,Visual Basic,0.025919467343056436
2012Q2,Java,0.24327122153209113,JavaScript,0.16594999203694857,PHP,0.12119764293677339,Python,0.09499920369485589,C#,0.0888676540850454,C++,0.07493231406274886,C,0.06378404204491162,Objective C,0.06211180124223603,Ruby,0.03288740245261985,Matlab,0.027233635929288107,Visual Basic,0.024765089982481288
2012Q3,Java,0.24272,JavaScript,0.16768,PHP,0.1192,Python,0.09688,C#,0.08904000000000001,C++,0.07464,C,0.06344,Objective C,0.06296,Ruby,0.03272,Matlab,0.027120000000000002,Visual Basic,0.023600000000000003
2012Q4,Java,0.2416392653781378,JavaScript,0.16897906808886037,PHP,0.11701018525944341,Python,0.09856443981073061,C#,0.08902077151335311,C++,0.07410377736787233,Objective C,0.0637581201379421,C,0.06303633009864464,Ruby,0.032480551768385595,Matlab,0.026946828133771753,R,0.02446066244285829
2013Q1,Java,0.24055618067834753,JavaScript,0.1703102395113326,PHP,0.11477254460697636,Python,0.10014467127471469,C#,0.08905320687992284,C++,0.07362160424369073,Objective C,0.06445909017842791,C,0.06261051277929593,Ruby,0.03230991801961099,Matlab,0.026764185822215077,R,0.02539784600546536
2013Q2,Java,0.23976702798899857,JavaScript,0.17222132341045138,PHP,0.11252224559132827,Python,0.10216793399126356,C#,0.08841611389742761,C++,0.07337000485358357,Objective C,0.06358194466914739,C,0.062449441837890314,Ruby,0.03203365151270021,R,0.026856495712667853,Matlab,0.02661381653454134
2013Q3,Java,0.23832345057265858,JavaScript,0.17374705547884003,PHP,0.1099017139143855,Python,0.1039720575095443,C#,0.08756396718381933,C++,0.07302412476646901,Objective C,0.06254569084558524,C,0.06213954999593859,Ruby,0.03167898627243928,Swift,0.028917228494842007,R,0.028186174965478025
2013Q4,Java,0.23679491359634824,JavaScript,0.17525268992500817,PHP,0.10727094880991198,Python,0.10564069122921423,C#,0.08672970329312032,C++,0.07254646234104989,C,0.06178676230844474,Objective C,0.061542223671340074,Swift,0.03162699706553636,Rub,0.0313009455493968,yR,0.029507662210629282
2014Q1,Java,0.23525562372188139,JavaScript,0.17668711656441716,Python,0.10740286298568506,PHP,0.10462167689161553,C#,0.08580777096114518,C++,0.07214723926380368,C,0.06143149284253578,Objective C,0.06044989775051124,Swift,0.03435582822085889,R,0.030920245398773,Ruby,0.030920245398773
2014Q2,Java,0.23435825570851537,JavaScript,0.1788805539526832,Python,0.1099662022916495,PHP,0.1022998928365345,C#,0.08523617179127854,C++,0.07155222158107329,C,0.06091830846591377,Objective C,0.05877503915588162,Swift,0.03544637705053169,R,0.032066606215481,Ruby,0.030500370950457507
2014Q3,Java,0.23338870431893682,JavaScript,0.181063122923588,Python,0.11262458471760795,PHP,0.09991694352159465,C#,0.0847176079734219,C++,0.0709302325581395,C,0.06029900332225912,Objective C,0.057059800664451814,Swift,0.03654485049833886,R,0.03330564784053155,Ruby,0.03014950166112956
2014Q4,Java,0.23244329120281243,JavaScript,0.18322591445551184,Python,0.11534276387377584,PHP,0.09759772327781033,C#,0.08412153678747804,C++,0.0703105382104294,C,0.05976395747886498,Objective C,0.05532769732987361,Swift,0.03766635975558718,R,0.034485644931782036,Ruby,0.029714572696074328
2015Q1,Java,0.23150257318822237,JavaScript,0.1855226524930397,Python,0.11811355774909305,PHP,0.09516578081498353,C#,0.08360752552096515,C++,0.06968699907196489,C,0.059141145701510155,Objective C,0.05348856829494642,Swift,0.03872437357630979,R,0.03568716780561883,Ruby,0.029359655783345984
2015Q2,Java,0.22962268971978533,JavaScript,0.18856996848650026,Python,0.1220509326292479,PHP,0.09266672344774719,C#,0.0830423302955455,C++,0.06915935610254662,C,0.05876841836300144,Objective C,0.05186951707690996,Swift,0.03883825909207051,R,0.03653862533004002,Ruby,0.028873179456605055
2015Q3,Java,0.22777300085984523,JavaScript,0.19174548581255374,Python,0.12613929492691317,PHP,0.09011177987962167,C#,0.08245915735167669,C++,0.06852966466036113,C,0.058297506448839215,Objective C,0.05012897678417885,Swift,0.039036973344797936,R,0.037403267411865865,Ruby,0.028374892519346516
2015Q4,Java,0.22590727556867513,JavaScript,0.19491231116513283,Python,0.1302309428720264,PHP,0.08751519361000175,C#,0.08195867338079528,C++,0.06789373155061644,C,0.05782253863517972,Objective C,0.04835909011981247,Swift,0.03915610349018927,R,0.038374717832957116,Ruby,0.02786942177461365
2016Q1,Java,0.22391723654217074,JavaScript,0.19814132912502191,Python,0.1344906189724706,PHP,0.08486761353673504,C#,0.0813606873575311,C++,0.0673329826407154,C,0.057338243029984214,Objective C,0.04655444502893213,Swift,0.03927757320708399,R,0.03927757320708399,Ruby,0.02744169735227073
2016Q2,Java,0.22232958538299366,JavaScript,0.19940267041461698,Python,0.14116303583977513,PHP,0.08301124385101896,C#,0.08072733661278987,C++,0.06649683766690091,C,0.056394940267041456,Objective C,0.044975404075895994,R,0.03961700632466619,Swift,0.03882642304989459,Ruby,0.027055516514406183
2016Q3,Java,0.2207163601161665,JavaScript,0.2005632315409663,Python,0.1479362844319282,PHP,0.08114054387045676,C#,0.07999647980286896,C++,0.06573968142215963,C,0.055443104813869576,Objective C,0.04329842471178386,R,0.040042242365572474,Swift,0.03837014872832879,Ruby,0.02675349819589897
2016Q4,Java,0.2191358024691358,JavaScript,0.20176366843033508,Python,0.15467372134038798,C#,0.0792768959435626,PHP,0.0792768959435626,C++,0.06499118165784833,C,0.05440917107583774,Objective C,0.04171075837742504,R,0.04047619047619047,Swift,0.03791887125220458,Ruby,0.0263668430335097
2017Q1,Java,0.2175488203587523,JavaScript,0.2029689847132632,Python,0.16152690642396395,C#,0.07855438720508968,PHP,0.07740567288150568,C++,0.06423963948042766,C,0.05345939736679331,R,0.04082353980736944,Objective C,0.04002827604488822,Swift,0.03737739683661748,Ruby,0.026066978881328973
2017Q2,Java,0.21602263683791675,JavaScript,0.2032009903616589,Python,0.1683614820054824,C#,0.07816783093111683,PHP,0.0757803519320895,C++,0.06357768149261651,C,0.05323193916349811,R,0.04067556813157663,Objective C,0.03881864002122204,Swift,0.03643116102219472,Ruby,0.025731718100627826
2017Q3,Java,0.21457023988669557,JavaScript,0.20350535540408957,Python,0.17526777020447906,C#,0.0778082676816854,PHP,0.07409046649552978,C++,0.06293706293706294,C,0.05293440736478711,R,0.040453217668407544,Objective C,0.03762060724086041,Swift,0.03549614942020005,Ruby,0.02531645569620253
2017Q4,Java,0.21303924173974667,JavaScript,0.2037381521835415,Python,0.18212419169102664,C#,0.07742049782974578,PHP,0.07245991673310302,C++,0.06227300912392595,C,0.05270617415182922,R,0.04030472141022234,Objective C,0.0364071219771459,Swift,0.03454690406590486,Ruby,0.024980069093808132
2018Q1,Java,0.21158109426265848,JavaScript,0.2039549525583045,Python,0.1890573734149153,C#,0.07705950164050722,PHP,0.07076350093109869,C++,0.06162986609913984,C,0.05249623126718098,R,0.040081581981023316,Objective C,0.035115722266560255,Swift,0.03360822913895539,Ruby,0.024651946439655934
2018Q2,Java,0.20902950586562388,JavaScript,0.20467472449342342,Python,0.19516530394596518,C#,0.07669747600426592,PHP,0.06940988268752221,C++,0.0613224315677213,C,0.05145751866334874,R,0.03990401706363313,Objective C,0.03421613935300391,Swift,0.033594027728403836,Ruby,0.024528972627088516
2018Q3,Java,0.20657402458578306,JavaScript,0.20532691965081068,Python,0.2014074469980403,C#,0.07634063780509533,PHP,0.06805629787992162,C++,0.0610190628897203,C,0.05041867094245503,R,0.03972920007126315,Swift,0.03349367539640122,Objective C,0.03331551754854802,Ruby,0.024318546231961523
2018Q4,Python,0.20767857142857143,JavaScript,0.20607142857142854,Java,0.20401785714285717,C#,0.07598214285714286,PHP,0.06669642857142857,C++,0.060714285714285714,C,0.049375,R,0.039553571428571424,Swift,0.03339285714285715,Objective C,0.03232142857142857,Ruby,0.02419642857142857
2019Q1,Python,0.2139276763336913,JavaScript,0.20676691729323304,Java,0.20148585750089507,C#,0.07563551736484064,PHP,0.06525241675617614,C++,0.0604189044038668,C,0.04833512352309344,R,0.039294665234514844,Swift,0.03338703902613676,Objective C,0.03141783029001073,Ruby,0.024078052273540988
2019Q2,Python,0.2157249037342169,JavaScript,0.2072176949941793,Java,0.20103877496194145,C#,0.07549028387212323,PHP,0.06483388555565506,C++,0.059908659443001715,C,0.04817766633831826,R,0.03922270976985762,Swift,0.03349153756604281,Objective C,0.03125279842392765,Ruby,0.0236410853407361
2019Q3,Python,0.21739519885345754,JavaScript,0.2076316732353995,Java,0.2005553565030455,C#,0.07533142242923684,PHP,0.0644034396273737,C++,0.05929774274453601,C,0.04792189179505553,R,0.03905410247223218,Swift,0.033679684700824074,Objective C,0.0310820494446435,Kotlin,0.023647438194195628
